"","model","target_variable","target_end_date","location","value","location_name","population","geo_type","geo_value","abbreviation","full_location_name"
"1","Observed Data (JHU)","inc case",2020-10-17,"06",21672,"California",39512223,"state","ca","CA","California"
"2","Observed Data (JHU)","inc case",2020-10-17,"12",23560,"Florida",21477737,"state","fl","FL","Florida"
"3","Observed Data (JHU)","inc case",2020-10-17,"17",23935,"Illinois",12671821,"state","il","IL","Illinois"
"4","Observed Data (JHU)","inc case",2020-10-17,"36",9810,"New York",19453561,"state","ny","NY","New York"
"5","Observed Data (JHU)","inc case",2020-10-17,"42",9855,"Pennsylvania",12801989,"state","pa","PA","Pennsylvania"
"6","Observed Data (JHU)","inc case",2020-10-17,"48",32565,"Texas",28995881,"state","tx","TX","Texas"
"7","Observed Data (JHU)","inc death",2020-10-17,"06",388,"California",39512223,"state","ca","CA","California"
"8","Observed Data (JHU)","inc death",2020-10-17,"12",731,"Florida",21477737,"state","fl","FL","Florida"
"9","Observed Data (JHU)","inc death",2020-10-17,"17",231,"Illinois",12671821,"state","il","IL","Illinois"
"10","Observed Data (JHU)","inc death",2020-10-17,"36",81,"New York",19453561,"state","ny","NY","New York"
"11","Observed Data (JHU)","inc death",2020-10-17,"42",121,"Pennsylvania",12801989,"state","pa","PA","Pennsylvania"
"12","Observed Data (JHU)","inc death",2020-10-17,"48",515,"Texas",28995881,"state","tx","TX","Texas"
"13","Observed Data (JHU)","inc case",2020-10-24,"06",30178,"California",39512223,"state","ca","CA","California"
"14","Observed Data (JHU)","inc case",2020-10-24,"12",23770,"Florida",21477737,"state","fl","FL","Florida"
"15","Observed Data (JHU)","inc case",2020-10-24,"17",31515,"Illinois",12671821,"state","il","IL","Illinois"
"16","Observed Data (JHU)","inc case",2020-10-24,"36",11525,"New York",19453561,"state","ny","NY","New York"
"17","Observed Data (JHU)","inc case",2020-10-24,"42",11729,"Pennsylvania",12801989,"state","pa","PA","Pennsylvania"
"18","Observed Data (JHU)","inc case",2020-10-24,"48",40946,"Texas",28995881,"state","tx","TX","Texas"
"19","Observed Data (JHU)","inc death",2020-10-24,"06",374,"California",39512223,"state","ca","CA","California"
"20","Observed Data (JHU)","inc death",2020-10-24,"12",500,"Florida",21477737,"state","fl","FL","Florida"
"21","Observed Data (JHU)","inc death",2020-10-24,"17",299,"Illinois",12671821,"state","il","IL","Illinois"
"22","Observed Data (JHU)","inc death",2020-10-24,"36",87,"New York",19453561,"state","ny","NY","New York"
"23","Observed Data (JHU)","inc death",2020-10-24,"42",190,"Pennsylvania",12801989,"state","pa","PA","Pennsylvania"
"24","Observed Data (JHU)","inc death",2020-10-24,"48",491,"Texas",28995881,"state","tx","TX","Texas"
"25","Observed Data (JHU)","inc case",2020-10-31,"06",28688,"California",39512223,"state","ca","CA","California"
"26","Observed Data (JHU)","inc case",2020-10-31,"12",26296,"Florida",21477737,"state","fl","FL","Florida"
"27","Observed Data (JHU)","inc case",2020-10-31,"17",41646,"Illinois",12671821,"state","il","IL","Illinois"
"28","Observed Data (JHU)","inc case",2020-10-31,"36",14029,"New York",19453561,"state","ny","NY","New York"
"29","Observed Data (JHU)","inc case",2020-10-31,"42",15459,"Pennsylvania",12801989,"state","pa","PA","Pennsylvania"
"30","Observed Data (JHU)","inc case",2020-10-31,"48",45220,"Texas",28995881,"state","tx","TX","Texas"
"31","Observed Data (JHU)","inc death",2020-10-31,"06",331,"California",39512223,"state","ca","CA","California"
"32","Observed Data (JHU)","inc death",2020-10-31,"12",344,"Florida",21477737,"state","fl","FL","Florida"
"33","Observed Data (JHU)","inc death",2020-10-31,"17",289,"Illinois",12671821,"state","il","IL","Illinois"
"34","Observed Data (JHU)","inc death",2020-10-31,"36",96,"New York",19453561,"state","ny","NY","New York"
"35","Observed Data (JHU)","inc death",2020-10-31,"42",161,"Pennsylvania",12801989,"state","pa","PA","Pennsylvania"
"36","Observed Data (JHU)","inc death",2020-10-31,"48",574,"Texas",28995881,"state","tx","TX","Texas"
"37","Observed Data (JHU)","inc case",2020-11-07,"06",38210,"California",39512223,"state","ca","CA","California"
"38","Observed Data (JHU)","inc case",2020-11-07,"12",34530,"Florida",21477737,"state","fl","FL","Florida"
"39","Observed Data (JHU)","inc case",2020-11-07,"17",61431,"Illinois",12671821,"state","il","IL","Illinois"
"40","Observed Data (JHU)","inc case",2020-11-07,"36",18457,"New York",19453561,"state","ny","NY","New York"
"41","Observed Data (JHU)","inc case",2020-11-07,"42",19773,"Pennsylvania",12801989,"state","pa","PA","Pennsylvania"
"42","Observed Data (JHU)","inc case",2020-11-07,"48",88603,"Texas",28995881,"state","tx","TX","Texas"
"43","Observed Data (JHU)","inc death",2020-11-07,"06",306,"California",39512223,"state","ca","CA","California"
"44","Observed Data (JHU)","inc death",2020-11-07,"12",339,"Florida",21477737,"state","fl","FL","Florida"
"45","Observed Data (JHU)","inc death",2020-11-07,"17",448,"Illinois",12671821,"state","il","IL","Illinois"
"46","Observed Data (JHU)","inc death",2020-11-07,"36",154,"New York",19453561,"state","ny","NY","New York"
"47","Observed Data (JHU)","inc death",2020-11-07,"42",201,"Pennsylvania",12801989,"state","pa","PA","Pennsylvania"
"48","Observed Data (JHU)","inc death",2020-11-07,"48",701,"Texas",28995881,"state","tx","TX","Texas"
"49","Observed Data (JHU)","inc case",2020-11-14,"06",55499,"California",39512223,"state","ca","CA","California"
"50","Observed Data (JHU)","inc case",2020-11-14,"12",38019,"Florida",21477737,"state","fl","FL","Florida"
"51","Observed Data (JHU)","inc case",2020-11-14,"17",85007,"Illinois",12671821,"state","il","IL","Illinois"
"52","Observed Data (JHU)","inc case",2020-11-14,"36",31703,"New York",19453561,"state","ny","NY","New York"
"53","Observed Data (JHU)","inc case",2020-11-14,"42",31905,"Pennsylvania",12801989,"state","pa","PA","Pennsylvania"
"54","Observed Data (JHU)","inc case",2020-11-14,"48",76003,"Texas",28995881,"state","tx","TX","Texas"
"55","Observed Data (JHU)","inc death",2020-11-14,"06",292,"California",39512223,"state","ca","CA","California"
"56","Observed Data (JHU)","inc death",2020-11-14,"12",389,"Florida",21477737,"state","fl","FL","Florida"
"57","Observed Data (JHU)","inc death",2020-11-14,"17",600,"Illinois",12671821,"state","il","IL","Illinois"
"58","Observed Data (JHU)","inc death",2020-11-14,"36",126,"New York",19453561,"state","ny","NY","New York"
"59","Observed Data (JHU)","inc death",2020-11-14,"42",256,"Pennsylvania",12801989,"state","pa","PA","Pennsylvania"
"60","Observed Data (JHU)","inc death",2020-11-14,"48",794,"Texas",28995881,"state","tx","TX","Texas"
"61","Observed Data (JHU)","inc case",2020-11-21,"06",85088,"California",39512223,"state","ca","CA","California"
"62","Observed Data (JHU)","inc case",2020-11-21,"12",56731,"Florida",21477737,"state","fl","FL","Florida"
"63","Observed Data (JHU)","inc case",2020-11-21,"17",83301,"Illinois",12671821,"state","il","IL","Illinois"
"64","Observed Data (JHU)","inc case",2020-11-21,"36",35759,"New York",19453561,"state","ny","NY","New York"
"65","Observed Data (JHU)","inc case",2020-11-21,"42",42847,"Pennsylvania",12801989,"state","pa","PA","Pennsylvania"
"66","Observed Data (JHU)","inc case",2020-11-21,"48",85517,"Texas",28995881,"state","tx","TX","Texas"
"67","Observed Data (JHU)","inc death",2020-11-21,"06",460,"California",39512223,"state","ca","CA","California"
"68","Observed Data (JHU)","inc death",2020-11-21,"12",441,"Florida",21477737,"state","fl","FL","Florida"
"69","Observed Data (JHU)","inc death",2020-11-21,"17",864,"Illinois",12671821,"state","il","IL","Illinois"
"70","Observed Data (JHU)","inc death",2020-11-21,"36",286,"New York",19453561,"state","ny","NY","New York"
"71","Observed Data (JHU)","inc death",2020-11-21,"42",532,"Pennsylvania",12801989,"state","pa","PA","Pennsylvania"
"72","Observed Data (JHU)","inc death",2020-11-21,"48",966,"Texas",28995881,"state","tx","TX","Texas"
"73","Observed Data (JHU)","inc case",2020-11-28,"06",97141,"California",39512223,"state","ca","CA","California"
"74","Observed Data (JHU)","inc case",2020-11-28,"12",53470,"Florida",21477737,"state","fl","FL","Florida"
"75","Observed Data (JHU)","inc case",2020-11-28,"17",66650,"Illinois",12671821,"state","il","IL","Illinois"
"76","Observed Data (JHU)","inc case",2020-11-28,"36",45483,"New York",19453561,"state","ny","NY","New York"
"77","Observed Data (JHU)","inc case",2020-11-28,"42",48983,"Pennsylvania",12801989,"state","pa","PA","Pennsylvania"
"78","Observed Data (JHU)","inc case",2020-11-28,"48",74043,"Texas",28995881,"state","tx","TX","Texas"
"79","Observed Data (JHU)","inc death",2020-11-28,"06",424,"California",39512223,"state","ca","CA","California"
"80","Observed Data (JHU)","inc death",2020-11-28,"12",512,"Florida",21477737,"state","fl","FL","Florida"
"81","Observed Data (JHU)","inc death",2020-11-28,"17",886,"Illinois",12671821,"state","il","IL","Illinois"
"82","Observed Data (JHU)","inc death",2020-11-28,"36",230,"New York",19453561,"state","ny","NY","New York"
"83","Observed Data (JHU)","inc death",2020-11-28,"42",466,"Pennsylvania",12801989,"state","pa","PA","Pennsylvania"
"84","Observed Data (JHU)","inc death",2020-11-28,"48",881,"Texas",28995881,"state","tx","TX","Texas"
"85","Observed Data (JHU)","inc case",2020-12-05,"06",144000,"California",39512223,"state","ca","CA","California"
"86","Observed Data (JHU)","inc case",2020-12-05,"12",64341,"Florida",21477737,"state","fl","FL","Florida"
"87","Observed Data (JHU)","inc case",2020-12-05,"17",67039,"Illinois",12671821,"state","il","IL","Illinois"
"88","Observed Data (JHU)","inc case",2020-12-05,"36",61520,"New York",19453561,"state","ny","NY","New York"
"89","Observed Data (JHU)","inc case",2020-12-05,"42",59928,"Pennsylvania",12801989,"state","pa","PA","Pennsylvania"
"90","Observed Data (JHU)","inc case",2020-12-05,"48",107873,"Texas",28995881,"state","tx","TX","Texas"
"91","Observed Data (JHU)","inc death",2020-12-05,"06",769,"California",39512223,"state","ca","CA","California"
"92","Observed Data (JHU)","inc death",2020-12-05,"12",642,"Florida",21477737,"state","fl","FL","Florida"
"93","Observed Data (JHU)","inc death",2020-12-05,"17",1179,"Illinois",12671821,"state","il","IL","Illinois"
"94","Observed Data (JHU)","inc death",2020-12-05,"36",413,"New York",19453561,"state","ny","NY","New York"
"95","Observed Data (JHU)","inc death",2020-12-05,"42",957,"Pennsylvania",12801989,"state","pa","PA","Pennsylvania"
"96","Observed Data (JHU)","inc death",2020-12-05,"48",1223,"Texas",28995881,"state","tx","TX","Texas"
"97","Observed Data (JHU)","inc case",2020-12-12,"06",219456,"California",39512223,"state","ca","CA","California"
"98","Observed Data (JHU)","inc case",2020-12-12,"12",67335,"Florida",21477737,"state","fl","FL","Florida"
"99","Observed Data (JHU)","inc case",2020-12-12,"17",61713,"Illinois",12671821,"state","il","IL","Illinois"
"100","Observed Data (JHU)","inc case",2020-12-12,"36",69545,"New York",19453561,"state","ny","NY","New York"
"101","Observed Data (JHU)","inc case",2020-12-12,"42",69793,"Pennsylvania",12801989,"state","pa","PA","Pennsylvania"
"102","Observed Data (JHU)","inc case",2020-12-12,"48",99387,"Texas",28995881,"state","tx","TX","Texas"
"103","Observed Data (JHU)","inc death",2020-12-12,"06",1078,"California",39512223,"state","ca","CA","California"
"104","Observed Data (JHU)","inc death",2020-12-12,"12",701,"Florida",21477737,"state","fl","FL","Florida"
"105","Observed Data (JHU)","inc death",2020-12-12,"17",1215,"Illinois",12671821,"state","il","IL","Illinois"
"106","Observed Data (JHU)","inc death",2020-12-12,"36",565,"New York",19453561,"state","ny","NY","New York"
"107","Observed Data (JHU)","inc death",2020-12-12,"42",1179,"Pennsylvania",12801989,"state","pa","PA","Pennsylvania"
"108","Observed Data (JHU)","inc death",2020-12-12,"48",1189,"Texas",28995881,"state","tx","TX","Texas"
"109","Observed Data (JHU)","inc case",2020-12-19,"06",294162,"California",39512223,"state","ca","CA","California"
"110","Observed Data (JHU)","inc case",2020-12-19,"12",76192,"Florida",21477737,"state","fl","FL","Florida"
"111","Observed Data (JHU)","inc case",2020-12-19,"17",52679,"Illinois",12671821,"state","il","IL","Illinois"
"112","Observed Data (JHU)","inc case",2020-12-19,"36",73550,"New York",19453561,"state","ny","NY","New York"
"113","Observed Data (JHU)","inc case",2020-12-19,"42",67490,"Pennsylvania",12801989,"state","pa","PA","Pennsylvania"
"114","Observed Data (JHU)","inc case",2020-12-19,"48",110891,"Texas",28995881,"state","tx","TX","Texas"
"115","Observed Data (JHU)","inc death",2020-12-19,"06",1614,"California",39512223,"state","ca","CA","California"
"116","Observed Data (JHU)","inc death",2020-12-19,"12",688,"Florida",21477737,"state","fl","FL","Florida"
"117","Observed Data (JHU)","inc death",2020-12-19,"17",1094,"Illinois",12671821,"state","il","IL","Illinois"
"118","Observed Data (JHU)","inc death",2020-12-19,"36",814,"New York",19453561,"state","ny","NY","New York"
"119","Observed Data (JHU)","inc death",2020-12-19,"42",1401,"Pennsylvania",12801989,"state","pa","PA","Pennsylvania"
"120","Observed Data (JHU)","inc death",2020-12-19,"48",1378,"Texas",28995881,"state","tx","TX","Texas"
"121","Observed Data (JHU)","inc case",2020-12-26,"06",274773,"California",39512223,"state","ca","CA","California"
"122","Observed Data (JHU)","inc case",2020-12-26,"12",71423,"Florida",21477737,"state","fl","FL","Florida"
"123","Observed Data (JHU)","inc case",2020-12-26,"17",39775,"Illinois",12671821,"state","il","IL","Illinois"
"124","Observed Data (JHU)","inc case",2020-12-26,"36",76236,"New York",19453561,"state","ny","NY","New York"
"125","Observed Data (JHU)","inc case",2020-12-26,"42",56137,"Pennsylvania",12801989,"state","pa","PA","Pennsylvania"
"126","Observed Data (JHU)","inc case",2020-12-26,"48",85188,"Texas",28995881,"state","tx","TX","Texas"
"127","Observed Data (JHU)","inc death",2020-12-26,"06",1635,"California",39512223,"state","ca","CA","California"
"128","Observed Data (JHU)","inc death",2020-12-26,"12",662,"Florida",21477737,"state","fl","FL","Florida"
"129","Observed Data (JHU)","inc death",2020-12-26,"17",898,"Illinois",12671821,"state","il","IL","Illinois"
"130","Observed Data (JHU)","inc death",2020-12-26,"36",968,"New York",19453561,"state","ny","NY","New York"
"131","Observed Data (JHU)","inc death",2020-12-26,"42",1136,"Pennsylvania",12801989,"state","pa","PA","Pennsylvania"
"132","Observed Data (JHU)","inc death",2020-12-26,"48",1155,"Texas",28995881,"state","tx","TX","Texas"
"133","Observed Data (JHU)","inc case",2021-01-02,"06",270592,"California",39512223,"state","ca","CA","California"
"134","Observed Data (JHU)","inc case",2021-01-02,"12",90245,"Florida",21477737,"state","fl","FL","Florida"
"135","Observed Data (JHU)","inc case",2021-01-02,"17",41210,"Illinois",12671821,"state","il","IL","Illinois"
"136","Observed Data (JHU)","inc case",2021-01-02,"36",87651,"New York",19453561,"state","ny","NY","New York"
"137","Observed Data (JHU)","inc case",2021-01-02,"42",52087,"Pennsylvania",12801989,"state","pa","PA","Pennsylvania"
"138","Observed Data (JHU)","inc case",2021-01-02,"48",130826,"Texas",28995881,"state","tx","TX","Texas"
"139","Observed Data (JHU)","inc death",2021-01-02,"06",2350,"California",39512223,"state","ca","CA","California"
"140","Observed Data (JHU)","inc death",2021-01-02,"12",755,"Florida",21477737,"state","fl","FL","Florida"
"141","Observed Data (JHU)","inc death",2021-01-02,"17",993,"Illinois",12671821,"state","il","IL","Illinois"
"142","Observed Data (JHU)","inc death",2021-01-02,"36",987,"New York",19453561,"state","ny","NY","New York"
"143","Observed Data (JHU)","inc death",2021-01-02,"42",1347,"Pennsylvania",12801989,"state","pa","PA","Pennsylvania"
"144","Observed Data (JHU)","inc death",2021-01-02,"48",1367,"Texas",28995881,"state","tx","TX","Texas"
"145","Observed Data (JHU)","inc case",2021-01-09,"06",289237,"California",39512223,"state","ca","CA","California"
"146","Observed Data (JHU)","inc case",2021-01-09,"12",109864,"Florida",21477737,"state","fl","FL","Florida"
"147","Observed Data (JHU)","inc case",2021-01-09,"17",48687,"Illinois",12671821,"state","il","IL","Illinois"
"148","Observed Data (JHU)","inc case",2021-01-09,"36",107619,"New York",19453561,"state","ny","NY","New York"
"149","Observed Data (JHU)","inc case",2021-01-09,"42",57012,"Pennsylvania",12801989,"state","pa","PA","Pennsylvania"
"150","Observed Data (JHU)","inc case",2021-01-09,"48",150734,"Texas",28995881,"state","tx","TX","Texas"
"151","Observed Data (JHU)","inc death",2021-01-09,"06",3189,"California",39512223,"state","ca","CA","California"
"152","Observed Data (JHU)","inc death",2021-01-09,"12",914,"Florida",21477737,"state","fl","FL","Florida"
"153","Observed Data (JHU)","inc death",2021-01-09,"17",993,"Illinois",12671821,"state","il","IL","Illinois"
"154","Observed Data (JHU)","inc death",2021-01-09,"36",1198,"New York",19453561,"state","ny","NY","New York"
"155","Observed Data (JHU)","inc death",2021-01-09,"42",1437,"Pennsylvania",12801989,"state","pa","PA","Pennsylvania"
"156","Observed Data (JHU)","inc death",2021-01-09,"48",1871,"Texas",28995881,"state","tx","TX","Texas"
"157","Observed Data (JHU)","inc case",2021-01-16,"06",278666,"California",39512223,"state","ca","CA","California"
"158","Observed Data (JHU)","inc case",2021-01-16,"12",95489,"Florida",21477737,"state","fl","FL","Florida"
"159","Observed Data (JHU)","inc case",2021-01-16,"17",40628,"Illinois",12671821,"state","il","IL","Illinois"
"160","Observed Data (JHU)","inc case",2021-01-16,"36",109583,"New York",19453561,"state","ny","NY","New York"
"161","Observed Data (JHU)","inc case",2021-01-16,"42",48321,"Pennsylvania",12801989,"state","pa","PA","Pennsylvania"
"162","Observed Data (JHU)","inc case",2021-01-16,"48",160747,"Texas",28995881,"state","tx","TX","Texas"
"163","Observed Data (JHU)","inc death",2021-01-16,"06",3683,"California",39512223,"state","ca","CA","California"
"164","Observed Data (JHU)","inc death",2021-01-16,"12",1200,"Florida",21477737,"state","fl","FL","Florida"
"165","Observed Data (JHU)","inc death",2021-01-16,"17",810,"Illinois",12671821,"state","il","IL","Illinois"
"166","Observed Data (JHU)","inc death",2021-01-16,"36",1335,"New York",19453561,"state","ny","NY","New York"
"167","Observed Data (JHU)","inc death",2021-01-16,"42",1513,"Pennsylvania",12801989,"state","pa","PA","Pennsylvania"
"168","Observed Data (JHU)","inc death",2021-01-16,"48",2115,"Texas",28995881,"state","tx","TX","Texas"
"169","Observed Data (JHU)","inc case",2021-01-23,"06",184879,"California",39512223,"state","ca","CA","California"
"170","Observed Data (JHU)","inc case",2021-01-23,"12",79728,"Florida",21477737,"state","fl","FL","Florida"
"171","Observed Data (JHU)","inc case",2021-01-23,"17",33860,"Illinois",12671821,"state","il","IL","Illinois"
"172","Observed Data (JHU)","inc case",2021-01-23,"36",94445,"New York",19453561,"state","ny","NY","New York"
"173","Observed Data (JHU)","inc case",2021-01-23,"42",38153,"Pennsylvania",12801989,"state","pa","PA","Pennsylvania"
"174","Observed Data (JHU)","inc case",2021-01-23,"48",129811,"Texas",28995881,"state","tx","TX","Texas"
"175","Observed Data (JHU)","inc death",2021-01-23,"06",3505,"California",39512223,"state","ca","CA","California"
"176","Observed Data (JHU)","inc death",2021-01-23,"12",1160,"Florida",21477737,"state","fl","FL","Florida"
"177","Observed Data (JHU)","inc death",2021-01-23,"17",625,"Illinois",12671821,"state","il","IL","Illinois"
"178","Observed Data (JHU)","inc death",2021-01-23,"36",1328,"New York",19453561,"state","ny","NY","New York"
"179","Observed Data (JHU)","inc death",2021-01-23,"42",1304,"Pennsylvania",12801989,"state","pa","PA","Pennsylvania"
"180","Observed Data (JHU)","inc death",2021-01-23,"48",2297,"Texas",28995881,"state","tx","TX","Texas"
"181","Observed Data (JHU)","inc case",2021-01-30,"06",142921,"California",39512223,"state","ca","CA","California"
"182","Observed Data (JHU)","inc case",2021-01-30,"12",73675,"Florida",21477737,"state","fl","FL","Florida"
"183","Observed Data (JHU)","inc case",2021-01-30,"17",25346,"Illinois",12671821,"state","il","IL","Illinois"
"184","Observed Data (JHU)","inc case",2021-01-30,"36",85386,"New York",19453561,"state","ny","NY","New York"
"185","Observed Data (JHU)","inc case",2021-01-30,"42",39222,"Pennsylvania",12801989,"state","pa","PA","Pennsylvania"
"186","Observed Data (JHU)","inc case",2021-01-30,"48",120793,"Texas",28995881,"state","tx","TX","Texas"
"187","Observed Data (JHU)","inc death",2021-01-30,"06",3857,"California",39512223,"state","ca","CA","California"
"188","Observed Data (JHU)","inc death",2021-01-30,"12",1196,"Florida",21477737,"state","fl","FL","Florida"
"189","Observed Data (JHU)","inc death",2021-01-30,"17",568,"Illinois",12671821,"state","il","IL","Illinois"
"190","Observed Data (JHU)","inc death",2021-01-30,"36",1319,"New York",19453561,"state","ny","NY","New York"
"191","Observed Data (JHU)","inc death",2021-01-30,"42",1071,"Pennsylvania",12801989,"state","pa","PA","Pennsylvania"
"192","Observed Data (JHU)","inc death",2021-01-30,"48",2199,"Texas",28995881,"state","tx","TX","Texas"
"193","Observed Data (JHU)","inc case",2021-02-06,"06",97292,"California",39512223,"state","ca","CA","California"
"194","Observed Data (JHU)","inc case",2021-02-06,"12",57770,"Florida",21477737,"state","fl","FL","Florida"
"195","Observed Data (JHU)","inc case",2021-02-06,"17",20408,"Illinois",12671821,"state","il","IL","Illinois"
"196","Observed Data (JHU)","inc case",2021-02-06,"36",61603,"New York",19453561,"state","ny","NY","New York"
"197","Observed Data (JHU)","inc case",2021-02-06,"42",26940,"Pennsylvania",12801989,"state","pa","PA","Pennsylvania"
"198","Observed Data (JHU)","inc case",2021-02-06,"48",123239,"Texas",28995881,"state","tx","TX","Texas"
"199","Observed Data (JHU)","inc death",2021-02-06,"06",3394,"California",39512223,"state","ca","CA","California"
"200","Observed Data (JHU)","inc death",2021-02-06,"12",1239,"Florida",21477737,"state","fl","FL","Florida"
"201","Observed Data (JHU)","inc death",2021-02-06,"17",463,"Illinois",12671821,"state","il","IL","Illinois"
"202","Observed Data (JHU)","inc death",2021-02-06,"36",1211,"New York",19453561,"state","ny","NY","New York"
"203","Observed Data (JHU)","inc death",2021-02-06,"42",798,"Pennsylvania",12801989,"state","pa","PA","Pennsylvania"
"204","Observed Data (JHU)","inc death",2021-02-06,"48",2258,"Texas",28995881,"state","tx","TX","Texas"
"205","Observed Data (JHU)","inc case",2021-02-13,"06",71987,"California",39512223,"state","ca","CA","California"
"206","Observed Data (JHU)","inc case",2021-02-13,"12",50578,"Florida",21477737,"state","fl","FL","Florida"
"207","Observed Data (JHU)","inc case",2021-02-13,"17",16242,"Illinois",12671821,"state","il","IL","Illinois"
"208","Observed Data (JHU)","inc case",2021-02-13,"36",61239,"New York",19453561,"state","ny","NY","New York"
"209","Observed Data (JHU)","inc case",2021-02-13,"42",25498,"Pennsylvania",12801989,"state","pa","PA","Pennsylvania"
"210","Observed Data (JHU)","inc case",2021-02-13,"48",77550,"Texas",28995881,"state","tx","TX","Texas"
"211","Observed Data (JHU)","inc death",2021-02-13,"06",2978,"California",39512223,"state","ca","CA","California"
"212","Observed Data (JHU)","inc death",2021-02-13,"12",1084,"Florida",21477737,"state","fl","FL","Florida"
"213","Observed Data (JHU)","inc death",2021-02-13,"17",411,"Illinois",12671821,"state","il","IL","Illinois"
"214","Observed Data (JHU)","inc death",2021-02-13,"36",1087,"New York",19453561,"state","ny","NY","New York"
"215","Observed Data (JHU)","inc death",2021-02-13,"42",674,"Pennsylvania",12801989,"state","pa","PA","Pennsylvania"
"216","Observed Data (JHU)","inc death",2021-02-13,"48",1967,"Texas",28995881,"state","tx","TX","Texas"
"217","Observed Data (JHU)","inc case",2021-02-20,"06",47110,"California",39512223,"state","ca","CA","California"
"218","Observed Data (JHU)","inc case",2021-02-20,"12",41770,"Florida",21477737,"state","fl","FL","Florida"
"219","Observed Data (JHU)","inc case",2021-02-20,"17",12301,"Illinois",12671821,"state","il","IL","Illinois"
"220","Observed Data (JHU)","inc case",2021-02-20,"36",53895,"New York",19453561,"state","ny","NY","New York"
"221","Observed Data (JHU)","inc case",2021-02-20,"42",19314,"Pennsylvania",12801989,"state","pa","PA","Pennsylvania"
"222","Observed Data (JHU)","inc case",2021-02-20,"48",29761,"Texas",28995881,"state","tx","TX","Texas"
"223","Observed Data (JHU)","inc death",2021-02-20,"06",2336,"California",39512223,"state","ca","CA","California"
"224","Observed Data (JHU)","inc death",2021-02-20,"12",1130,"Florida",21477737,"state","fl","FL","Florida"
"225","Observed Data (JHU)","inc death",2021-02-20,"17",339,"Illinois",12671821,"state","il","IL","Illinois"
"226","Observed Data (JHU)","inc death",2021-02-20,"36",952,"New York",19453561,"state","ny","NY","New York"
"227","Observed Data (JHU)","inc death",2021-02-20,"42",495,"Pennsylvania",12801989,"state","pa","PA","Pennsylvania"
"228","Observed Data (JHU)","inc death",2021-02-20,"48",892,"Texas",28995881,"state","tx","TX","Texas"
"229","Observed Data (JHU)","inc case",2021-02-27,"06",36756,"California",39512223,"state","ca","CA","California"
"230","Observed Data (JHU)","inc case",2021-02-27,"12",39975,"Florida",21477737,"state","fl","FL","Florida"
"231","Observed Data (JHU)","inc case",2021-02-27,"17",12623,"Illinois",12671821,"state","il","IL","Illinois"
"232","Observed Data (JHU)","inc case",2021-02-27,"36",50605,"New York",19453561,"state","ny","NY","New York"
"233","Observed Data (JHU)","inc case",2021-02-27,"42",17719,"Pennsylvania",12801989,"state","pa","PA","Pennsylvania"
"234","Observed Data (JHU)","inc case",2021-02-27,"48",55547,"Texas",28995881,"state","tx","TX","Texas"
"235","Observed Data (JHU)","inc death",2021-02-27,"06",2906,"California",39512223,"state","ca","CA","California"
"236","Observed Data (JHU)","inc death",2021-02-27,"12",921,"Florida",21477737,"state","fl","FL","Florida"
"237","Observed Data (JHU)","inc death",2021-02-27,"17",284,"Illinois",12671821,"state","il","IL","Illinois"
"238","Observed Data (JHU)","inc death",2021-02-27,"36",795,"New York",19453561,"state","ny","NY","New York"
"239","Observed Data (JHU)","inc death",2021-02-27,"42",357,"Pennsylvania",12801989,"state","pa","PA","Pennsylvania"
"240","Observed Data (JHU)","inc death",2021-02-27,"48",1478,"Texas",28995881,"state","tx","TX","Texas"
"241","Observed Data (JHU)","inc case",2021-03-06,"06",32666,"California",39512223,"state","ca","CA","California"
"242","Observed Data (JHU)","inc case",2021-03-06,"12",37215,"Florida",21477737,"state","fl","FL","Florida"
"243","Observed Data (JHU)","inc case",2021-03-06,"17",11820,"Illinois",12671821,"state","il","IL","Illinois"
"244","Observed Data (JHU)","inc case",2021-03-06,"36",50953,"New York",19453561,"state","ny","NY","New York"
"245","Observed Data (JHU)","inc case",2021-03-06,"42",17594,"Pennsylvania",12801989,"state","pa","PA","Pennsylvania"
"246","Observed Data (JHU)","inc case",2021-03-06,"48",43328,"Texas",28995881,"state","tx","TX","Texas"
"247","Observed Data (JHU)","inc death",2021-03-06,"06",2159,"California",39512223,"state","ca","CA","California"
"248","Observed Data (JHU)","inc death",2021-03-06,"12",886,"Florida",21477737,"state","fl","FL","Florida"
"249","Observed Data (JHU)","inc death",2021-03-06,"17",293,"Illinois",12671821,"state","il","IL","Illinois"
"250","Observed Data (JHU)","inc death",2021-03-06,"36",749,"New York",19453561,"state","ny","NY","New York"
"251","Observed Data (JHU)","inc death",2021-03-06,"42",405,"Pennsylvania",12801989,"state","pa","PA","Pennsylvania"
"252","Observed Data (JHU)","inc death",2021-03-06,"48",1730,"Texas",28995881,"state","tx","TX","Texas"
"253","Observed Data (JHU)","inc case",2021-03-13,"06",24130,"California",39512223,"state","ca","CA","California"
"254","Observed Data (JHU)","inc case",2021-03-13,"12",32212,"Florida",21477737,"state","fl","FL","Florida"
"255","Observed Data (JHU)","inc case",2021-03-13,"17",10580,"Illinois",12671821,"state","il","IL","Illinois"
"256","Observed Data (JHU)","inc case",2021-03-13,"36",47683,"New York",19453561,"state","ny","NY","New York"
"257","Observed Data (JHU)","inc case",2021-03-13,"42",17434,"Pennsylvania",12801989,"state","pa","PA","Pennsylvania"
"258","Observed Data (JHU)","inc case",2021-03-13,"48",31916,"Texas",28995881,"state","tx","TX","Texas"
"259","Observed Data (JHU)","inc death",2021-03-13,"06",1499,"California",39512223,"state","ca","CA","California"
"260","Observed Data (JHU)","inc death",2021-03-13,"12",605,"Florida",21477737,"state","fl","FL","Florida"
"261","Observed Data (JHU)","inc death",2021-03-13,"17",186,"Illinois",12671821,"state","il","IL","Illinois"
"262","Observed Data (JHU)","inc death",2021-03-13,"36",603,"New York",19453561,"state","ny","NY","New York"
"263","Observed Data (JHU)","inc death",2021-03-13,"42",199,"Pennsylvania",12801989,"state","pa","PA","Pennsylvania"
"264","Observed Data (JHU)","inc death",2021-03-13,"48",1117,"Texas",28995881,"state","tx","TX","Texas"
"265","Observed Data (JHU)","inc case",2021-03-20,"06",19634,"California",39512223,"state","ca","CA","California"
"266","Observed Data (JHU)","inc case",2021-03-20,"12",31253,"Florida",21477737,"state","fl","FL","Florida"
"267","Observed Data (JHU)","inc case",2021-03-20,"17",12585,"Illinois",12671821,"state","il","IL","Illinois"
"268","Observed Data (JHU)","inc case",2021-03-20,"36",44358,"New York",19453561,"state","ny","NY","New York"
"269","Observed Data (JHU)","inc case",2021-03-20,"42",20289,"Pennsylvania",12801989,"state","pa","PA","Pennsylvania"
"270","Observed Data (JHU)","inc case",2021-03-20,"48",27672,"Texas",28995881,"state","tx","TX","Texas"
"271","Observed Data (JHU)","inc death",2021-03-20,"06",1031,"California",39512223,"state","ca","CA","California"
"272","Observed Data (JHU)","inc death",2021-03-20,"12",488,"Florida",21477737,"state","fl","FL","Florida"
"273","Observed Data (JHU)","inc death",2021-03-20,"17",140,"Illinois",12671821,"state","il","IL","Illinois"
"274","Observed Data (JHU)","inc death",2021-03-20,"36",551,"New York",19453561,"state","ny","NY","New York"
"275","Observed Data (JHU)","inc death",2021-03-20,"42",276,"Pennsylvania",12801989,"state","pa","PA","Pennsylvania"
"276","Observed Data (JHU)","inc death",2021-03-20,"48",932,"Texas",28995881,"state","tx","TX","Texas"
"277","Observed Data (JHU)","inc case",2021-03-27,"06",18190,"California",39512223,"state","ca","CA","California"
"278","Observed Data (JHU)","inc case",2021-03-27,"12",34700,"Florida",21477737,"state","fl","FL","Florida"
"279","Observed Data (JHU)","inc case",2021-03-27,"17",15146,"Illinois",12671821,"state","il","IL","Illinois"
"280","Observed Data (JHU)","inc case",2021-03-27,"36",62788,"New York",19453561,"state","ny","NY","New York"
"281","Observed Data (JHU)","inc case",2021-03-27,"42",27028,"Pennsylvania",12801989,"state","pa","PA","Pennsylvania"
"282","Observed Data (JHU)","inc case",2021-03-27,"48",27185,"Texas",28995881,"state","tx","TX","Texas"
"283","Observed Data (JHU)","inc death",2021-03-27,"06",1456,"California",39512223,"state","ca","CA","California"
"284","Observed Data (JHU)","inc death",2021-03-27,"12",429,"Florida",21477737,"state","fl","FL","Florida"
"285","Observed Data (JHU)","inc death",2021-03-27,"17",169,"Illinois",12671821,"state","il","IL","Illinois"
"286","Observed Data (JHU)","inc death",2021-03-27,"36",527,"New York",19453561,"state","ny","NY","New York"
"287","Observed Data (JHU)","inc death",2021-03-27,"42",170,"Pennsylvania",12801989,"state","pa","PA","Pennsylvania"
"288","Observed Data (JHU)","inc death",2021-03-27,"48",741,"Texas",28995881,"state","tx","TX","Texas"
"289","Observed Data (JHU)","inc case",2021-04-03,"06",17469,"California",39512223,"state","ca","CA","California"
"290","Observed Data (JHU)","inc case",2021-04-03,"12",37970,"Florida",21477737,"state","fl","FL","Florida"
"291","Observed Data (JHU)","inc case",2021-04-03,"17",18607,"Illinois",12671821,"state","il","IL","Illinois"
"292","Observed Data (JHU)","inc case",2021-04-03,"36",56279,"New York",19453561,"state","ny","NY","New York"
"293","Observed Data (JHU)","inc case",2021-04-03,"42",27403,"Pennsylvania",12801989,"state","pa","PA","Pennsylvania"
"294","Observed Data (JHU)","inc case",2021-04-03,"48",21754,"Texas",28995881,"state","tx","TX","Texas"
"295","Observed Data (JHU)","inc death",2021-04-03,"06",849,"California",39512223,"state","ca","CA","California"
"296","Observed Data (JHU)","inc death",2021-04-03,"12",510,"Florida",21477737,"state","fl","FL","Florida"
"297","Observed Data (JHU)","inc death",2021-04-03,"17",137,"Illinois",12671821,"state","il","IL","Illinois"
"298","Observed Data (JHU)","inc death",2021-04-03,"36",623,"New York",19453561,"state","ny","NY","New York"
"299","Observed Data (JHU)","inc death",2021-04-03,"42",208,"Pennsylvania",12801989,"state","pa","PA","Pennsylvania"
"300","Observed Data (JHU)","inc death",2021-04-03,"48",637,"Texas",28995881,"state","tx","TX","Texas"
"301","Observed Data (JHU)","inc case",2021-04-10,"06",20797,"California",39512223,"state","ca","CA","California"
"302","Observed Data (JHU)","inc case",2021-04-10,"12",41681,"Florida",21477737,"state","fl","FL","Florida"
"303","Observed Data (JHU)","inc case",2021-04-10,"17",22645,"Illinois",12671821,"state","il","IL","Illinois"
"304","Observed Data (JHU)","inc case",2021-04-10,"36",51863,"New York",19453561,"state","ny","NY","New York"
"305","Observed Data (JHU)","inc case",2021-04-10,"42",30205,"Pennsylvania",12801989,"state","pa","PA","Pennsylvania"
"306","Observed Data (JHU)","inc case",2021-04-10,"48",24333,"Texas",28995881,"state","tx","TX","Texas"
"307","Observed Data (JHU)","inc death",2021-04-10,"06",716,"California",39512223,"state","ca","CA","California"
"308","Observed Data (JHU)","inc death",2021-04-10,"12",362,"Florida",21477737,"state","fl","FL","Florida"
"309","Observed Data (JHU)","inc death",2021-04-10,"17",142,"Illinois",12671821,"state","il","IL","Illinois"
"310","Observed Data (JHU)","inc death",2021-04-10,"36",485,"New York",19453561,"state","ny","NY","New York"
"311","Observed Data (JHU)","inc death",2021-04-10,"42",225,"Pennsylvania",12801989,"state","pa","PA","Pennsylvania"
"312","Observed Data (JHU)","inc death",2021-04-10,"48",512,"Texas",28995881,"state","tx","TX","Texas"
"313","Observed Data (JHU)","inc case",2021-04-17,"06",19599,"California",39512223,"state","ca","CA","California"
"314","Observed Data (JHU)","inc case",2021-04-17,"12",43354,"Florida",21477737,"state","fl","FL","Florida"
"315","Observed Data (JHU)","inc case",2021-04-17,"17",22745,"Illinois",12671821,"state","il","IL","Illinois"
"316","Observed Data (JHU)","inc case",2021-04-17,"36",43307,"New York",19453561,"state","ny","NY","New York"
"317","Observed Data (JHU)","inc case",2021-04-17,"42",34685,"Pennsylvania",12801989,"state","pa","PA","Pennsylvania"
"318","Observed Data (JHU)","inc case",2021-04-17,"48",23521,"Texas",28995881,"state","tx","TX","Texas"
"319","Observed Data (JHU)","inc death",2021-04-17,"06",588,"California",39512223,"state","ca","CA","California"
"320","Observed Data (JHU)","inc death",2021-04-17,"12",390,"Florida",21477737,"state","fl","FL","Florida"
"321","Observed Data (JHU)","inc death",2021-04-17,"17",168,"Illinois",12671821,"state","il","IL","Illinois"
"322","Observed Data (JHU)","inc death",2021-04-17,"36",501,"New York",19453561,"state","ny","NY","New York"
"323","Observed Data (JHU)","inc death",2021-04-17,"42",261,"Pennsylvania",12801989,"state","pa","PA","Pennsylvania"
"324","Observed Data (JHU)","inc death",2021-04-17,"48",374,"Texas",28995881,"state","tx","TX","Texas"
"325","Observed Data (JHU)","inc case",2021-04-24,"06",14566,"California",39512223,"state","ca","CA","California"
"326","Observed Data (JHU)","inc case",2021-04-24,"12",41846,"Florida",21477737,"state","fl","FL","Florida"
"327","Observed Data (JHU)","inc case",2021-04-24,"17",19423,"Illinois",12671821,"state","il","IL","Illinois"
"328","Observed Data (JHU)","inc case",2021-04-24,"36",33758,"New York",19453561,"state","ny","NY","New York"
"329","Observed Data (JHU)","inc case",2021-04-24,"42",27290,"Pennsylvania",12801989,"state","pa","PA","Pennsylvania"
"330","Observed Data (JHU)","inc case",2021-04-24,"48",23684,"Texas",28995881,"state","tx","TX","Texas"
"331","Observed Data (JHU)","inc death",2021-04-24,"06",452,"California",39512223,"state","ca","CA","California"
"332","Observed Data (JHU)","inc death",2021-04-24,"12",408,"Florida",21477737,"state","fl","FL","Florida"
"333","Observed Data (JHU)","inc death",2021-04-24,"17",169,"Illinois",12671821,"state","il","IL","Illinois"
"334","Observed Data (JHU)","inc death",2021-04-24,"36",414,"New York",19453561,"state","ny","NY","New York"
"335","Observed Data (JHU)","inc death",2021-04-24,"42",316,"Pennsylvania",12801989,"state","pa","PA","Pennsylvania"
"336","Observed Data (JHU)","inc death",2021-04-24,"48",359,"Texas",28995881,"state","tx","TX","Texas"
"337","Observed Data (JHU)","inc case",2021-05-01,"06",12536,"California",39512223,"state","ca","CA","California"
"338","Observed Data (JHU)","inc case",2021-05-01,"12",35024,"Florida",21477737,"state","fl","FL","Florida"
"339","Observed Data (JHU)","inc case",2021-05-01,"17",18870,"Illinois",12671821,"state","il","IL","Illinois"
"340","Observed Data (JHU)","inc case",2021-05-01,"36",24993,"New York",19453561,"state","ny","NY","New York"
"341","Observed Data (JHU)","inc case",2021-05-01,"42",23002,"Pennsylvania",12801989,"state","pa","PA","Pennsylvania"
"342","Observed Data (JHU)","inc case",2021-05-01,"48",23054,"Texas",28995881,"state","tx","TX","Texas"
"343","Observed Data (JHU)","inc death",2021-05-01,"06",412,"California",39512223,"state","ca","CA","California"
"344","Observed Data (JHU)","inc death",2021-05-01,"12",427,"Florida",21477737,"state","fl","FL","Florida"
"345","Observed Data (JHU)","inc death",2021-05-01,"17",216,"Illinois",12671821,"state","il","IL","Illinois"
"346","Observed Data (JHU)","inc death",2021-05-01,"36",358,"New York",19453561,"state","ny","NY","New York"
"347","Observed Data (JHU)","inc death",2021-05-01,"42",257,"Pennsylvania",12801989,"state","pa","PA","Pennsylvania"
"348","Observed Data (JHU)","inc death",2021-05-01,"48",353,"Texas",28995881,"state","tx","TX","Texas"
"349","Observed Data (JHU)","inc case",2021-05-08,"06",13434,"California",39512223,"state","ca","CA","California"
"350","Observed Data (JHU)","inc case",2021-05-08,"12",27638,"Florida",21477737,"state","fl","FL","Florida"
"351","Observed Data (JHU)","inc case",2021-05-08,"17",15358,"Illinois",12671821,"state","il","IL","Illinois"
"352","Observed Data (JHU)","inc case",2021-05-08,"36",18031,"New York",19453561,"state","ny","NY","New York"
"353","Observed Data (JHU)","inc case",2021-05-08,"42",17868,"Pennsylvania",12801989,"state","pa","PA","Pennsylvania"
"354","Observed Data (JHU)","inc case",2021-05-08,"48",17670,"Texas",28995881,"state","tx","TX","Texas"
"355","Observed Data (JHU)","inc death",2021-05-08,"06",391,"California",39512223,"state","ca","CA","California"
"356","Observed Data (JHU)","inc death",2021-05-08,"12",461,"Florida",21477737,"state","fl","FL","Florida"
"357","Observed Data (JHU)","inc death",2021-05-08,"17",216,"Illinois",12671821,"state","il","IL","Illinois"
"358","Observed Data (JHU)","inc death",2021-05-08,"36",344,"New York",19453561,"state","ny","NY","New York"
"359","Observed Data (JHU)","inc death",2021-05-08,"42",262,"Pennsylvania",12801989,"state","pa","PA","Pennsylvania"
"360","Observed Data (JHU)","inc death",2021-05-08,"48",352,"Texas",28995881,"state","tx","TX","Texas"
"361","Observed Data (JHU)","inc case",2021-05-15,"06",10972,"California",39512223,"state","ca","CA","California"
"362","Observed Data (JHU)","inc case",2021-05-15,"12",22947,"Florida",21477737,"state","fl","FL","Florida"
"363","Observed Data (JHU)","inc case",2021-05-15,"17",11794,"Illinois",12671821,"state","il","IL","Illinois"
"364","Observed Data (JHU)","inc case",2021-05-15,"36",13570,"New York",19453561,"state","ny","NY","New York"
"365","Observed Data (JHU)","inc case",2021-05-15,"42",12832,"Pennsylvania",12801989,"state","pa","PA","Pennsylvania"
"366","Observed Data (JHU)","inc case",2021-05-15,"48",14909,"Texas",28995881,"state","tx","TX","Texas"
"367","Observed Data (JHU)","inc death",2021-05-15,"06",222,"California",39512223,"state","ca","CA","California"
"368","Observed Data (JHU)","inc death",2021-05-15,"12",356,"Florida",21477737,"state","fl","FL","Florida"
"369","Observed Data (JHU)","inc death",2021-05-15,"17",224,"Illinois",12671821,"state","il","IL","Illinois"
"370","Observed Data (JHU)","inc death",2021-05-15,"36",261,"New York",19453561,"state","ny","NY","New York"
"371","Observed Data (JHU)","inc death",2021-05-15,"42",226,"Pennsylvania",12801989,"state","pa","PA","Pennsylvania"
"372","Observed Data (JHU)","inc death",2021-05-15,"48",314,"Texas",28995881,"state","tx","TX","Texas"
"373","Observed Data (JHU)","inc case",2021-05-22,"06",8259,"California",39512223,"state","ca","CA","California"
"374","Observed Data (JHU)","inc case",2021-05-22,"12",18744,"Florida",21477737,"state","fl","FL","Florida"
"375","Observed Data (JHU)","inc case",2021-05-22,"17",9545,"Illinois",12671821,"state","il","IL","Illinois"
"376","Observed Data (JHU)","inc case",2021-05-22,"36",10622,"New York",19453561,"state","ny","NY","New York"
"377","Observed Data (JHU)","inc case",2021-05-22,"42",9676,"Pennsylvania",12801989,"state","pa","PA","Pennsylvania"
"378","Observed Data (JHU)","inc case",2021-05-22,"48",12290,"Texas",28995881,"state","tx","TX","Texas"
"379","Observed Data (JHU)","inc death",2021-05-22,"06",254,"California",39512223,"state","ca","CA","California"
"380","Observed Data (JHU)","inc death",2021-05-22,"12",407,"Florida",21477737,"state","fl","FL","Florida"
"381","Observed Data (JHU)","inc death",2021-05-22,"17",206,"Illinois",12671821,"state","il","IL","Illinois"
"382","Observed Data (JHU)","inc death",2021-05-22,"36",198,"New York",19453561,"state","ny","NY","New York"
"383","Observed Data (JHU)","inc death",2021-05-22,"42",268,"Pennsylvania",12801989,"state","pa","PA","Pennsylvania"
"384","Observed Data (JHU)","inc death",2021-05-22,"48",269,"Texas",28995881,"state","tx","TX","Texas"
"385","Observed Data (JHU)","inc case",2021-05-29,"06",12367,"California",39512223,"state","ca","CA","California"
"386","Observed Data (JHU)","inc case",2021-05-29,"12",12552,"Florida",21477737,"state","fl","FL","Florida"
"387","Observed Data (JHU)","inc case",2021-05-29,"17",6498,"Illinois",12671821,"state","il","IL","Illinois"
"388","Observed Data (JHU)","inc case",2021-05-29,"36",6810,"New York",19453561,"state","ny","NY","New York"
"389","Observed Data (JHU)","inc case",2021-05-29,"42",6585,"Pennsylvania",12801989,"state","pa","PA","Pennsylvania"
"390","Observed Data (JHU)","inc case",2021-05-29,"48",12182,"Texas",28995881,"state","tx","TX","Texas"
"391","Observed Data (JHU)","inc death",2021-05-29,"06",301,"California",39512223,"state","ca","CA","California"
"392","Observed Data (JHU)","inc death",2021-05-29,"12",311,"Florida",21477737,"state","fl","FL","Florida"
"393","Observed Data (JHU)","inc death",2021-05-29,"17",190,"Illinois",12671821,"state","il","IL","Illinois"
"394","Observed Data (JHU)","inc death",2021-05-29,"36",157,"New York",19453561,"state","ny","NY","New York"
"395","Observed Data (JHU)","inc death",2021-05-29,"42",208,"Pennsylvania",12801989,"state","pa","PA","Pennsylvania"
"396","Observed Data (JHU)","inc death",2021-05-29,"48",282,"Texas",28995881,"state","tx","TX","Texas"
"397","Observed Data (JHU)","inc case",2021-06-05,"06",6214,"California",39512223,"state","ca","CA","California"
"398","Observed Data (JHU)","inc case",2021-06-05,"12",12049,"Florida",21477737,"state","fl","FL","Florida"
"399","Observed Data (JHU)","inc case",2021-06-05,"17",3840,"Illinois",12671821,"state","il","IL","Illinois"
"400","Observed Data (JHU)","inc case",2021-06-05,"36",4320,"New York",19453561,"state","ny","NY","New York"
"401","Observed Data (JHU)","inc case",2021-06-05,"42",3923,"Pennsylvania",12801989,"state","pa","PA","Pennsylvania"
"402","Observed Data (JHU)","inc case",2021-06-05,"48",9534,"Texas",28995881,"state","tx","TX","Texas"
"403","Observed Data (JHU)","inc death",2021-06-05,"06",211,"California",39512223,"state","ca","CA","California"
"404","Observed Data (JHU)","inc death",2021-06-05,"12",211,"Florida",21477737,"state","fl","FL","Florida"
"405","Observed Data (JHU)","inc death",2021-06-05,"17",148,"Illinois",12671821,"state","il","IL","Illinois"
"406","Observed Data (JHU)","inc death",2021-06-05,"36",160,"New York",19453561,"state","ny","NY","New York"
"407","Observed Data (JHU)","inc death",2021-06-05,"42",140,"Pennsylvania",12801989,"state","pa","PA","Pennsylvania"
"408","Observed Data (JHU)","inc death",2021-06-05,"48",210,"Texas",28995881,"state","tx","TX","Texas"
"409","Observed Data (JHU)","inc case",2021-06-12,"06",6611,"California",39512223,"state","ca","CA","California"
"410","Observed Data (JHU)","inc case",2021-06-12,"12",11454,"Florida",21477737,"state","fl","FL","Florida"
"411","Observed Data (JHU)","inc case",2021-06-12,"17",2394,"Illinois",12671821,"state","il","IL","Illinois"
"412","Observed Data (JHU)","inc case",2021-06-12,"36",3575,"New York",19453561,"state","ny","NY","New York"
"413","Observed Data (JHU)","inc case",2021-06-12,"42",2937,"Pennsylvania",12801989,"state","pa","PA","Pennsylvania"
"414","Observed Data (JHU)","inc case",2021-06-12,"48",14579,"Texas",28995881,"state","tx","TX","Texas"
"415","Observed Data (JHU)","inc death",2021-06-12,"06",180,"California",39512223,"state","ca","CA","California"
"416","Observed Data (JHU)","inc death",2021-06-12,"12",280,"Florida",21477737,"state","fl","FL","Florida"
"417","Observed Data (JHU)","inc death",2021-06-12,"17",155,"Illinois",12671821,"state","il","IL","Illinois"
"418","Observed Data (JHU)","inc death",2021-06-12,"36",110,"New York",19453561,"state","ny","NY","New York"
"419","Observed Data (JHU)","inc death",2021-06-12,"42",122,"Pennsylvania",12801989,"state","pa","PA","Pennsylvania"
"420","Observed Data (JHU)","inc death",2021-06-12,"48",211,"Texas",28995881,"state","tx","TX","Texas"
"421","Observed Data (JHU)","inc case",2021-06-19,"06",6188,"California",39512223,"state","ca","CA","California"
"422","Observed Data (JHU)","inc case",2021-06-19,"12",10095,"Florida",21477737,"state","fl","FL","Florida"
"423","Observed Data (JHU)","inc case",2021-06-19,"17",1391,"Illinois",12671821,"state","il","IL","Illinois"
"424","Observed Data (JHU)","inc case",2021-06-19,"36",2606,"New York",19453561,"state","ny","NY","New York"
"425","Observed Data (JHU)","inc case",2021-06-19,"42",1964,"Pennsylvania",12801989,"state","pa","PA","Pennsylvania"
"426","Observed Data (JHU)","inc case",2021-06-19,"48",8414,"Texas",28995881,"state","tx","TX","Texas"
"427","Observed Data (JHU)","inc death",2021-06-19,"06",121,"California",39512223,"state","ca","CA","California"
"428","Observed Data (JHU)","inc death",2021-06-19,"12",290,"Florida",21477737,"state","fl","FL","Florida"
"429","Observed Data (JHU)","inc death",2021-06-19,"17",97,"Illinois",12671821,"state","il","IL","Illinois"
"430","Observed Data (JHU)","inc death",2021-06-19,"36",65,"New York",19453561,"state","ny","NY","New York"
"431","Observed Data (JHU)","inc death",2021-06-19,"42",94,"Pennsylvania",12801989,"state","pa","PA","Pennsylvania"
"432","Observed Data (JHU)","inc death",2021-06-19,"48",186,"Texas",28995881,"state","tx","TX","Texas"
"433","Observed Data (JHU)","inc case",2021-06-26,"06",7164,"California",39512223,"state","ca","CA","California"
"434","Observed Data (JHU)","inc case",2021-06-26,"12",11048,"Florida",21477737,"state","fl","FL","Florida"
"435","Observed Data (JHU)","inc case",2021-06-26,"17",1744,"Illinois",12671821,"state","il","IL","Illinois"
"436","Observed Data (JHU)","inc case",2021-06-26,"36",2186,"New York",19453561,"state","ny","NY","New York"
"437","Observed Data (JHU)","inc case",2021-06-26,"42",1242,"Pennsylvania",12801989,"state","pa","PA","Pennsylvania"
"438","Observed Data (JHU)","inc case",2021-06-26,"48",8825,"Texas",28995881,"state","tx","TX","Texas"
"439","Observed Data (JHU)","inc death",2021-06-26,"06",261,"California",39512223,"state","ca","CA","California"
"440","Observed Data (JHU)","inc death",2021-06-26,"12",217,"Florida",21477737,"state","fl","FL","Florida"
"441","Observed Data (JHU)","inc death",2021-06-26,"17",66,"Illinois",12671821,"state","il","IL","Illinois"
"442","Observed Data (JHU)","inc death",2021-06-26,"36",45,"New York",19453561,"state","ny","NY","New York"
"443","Observed Data (JHU)","inc death",2021-06-26,"42",83,"Pennsylvania",12801989,"state","pa","PA","Pennsylvania"
"444","Observed Data (JHU)","inc death",2021-06-26,"48",167,"Texas",28995881,"state","tx","TX","Texas"
"445","Observed Data (JHU)","inc case",2021-07-03,"06",5552,"California",39512223,"state","ca","CA","California"
"446","Observed Data (JHU)","inc case",2021-07-03,"12",15684,"Florida",21477737,"state","fl","FL","Florida"
"447","Observed Data (JHU)","inc case",2021-07-03,"17",2120,"Illinois",12671821,"state","il","IL","Illinois"
"448","Observed Data (JHU)","inc case",2021-07-03,"36",2424,"New York",19453561,"state","ny","NY","New York"
"449","Observed Data (JHU)","inc case",2021-07-03,"42",1251,"Pennsylvania",12801989,"state","pa","PA","Pennsylvania"
"450","Observed Data (JHU)","inc case",2021-07-03,"48",10252,"Texas",28995881,"state","tx","TX","Texas"
"451","Observed Data (JHU)","inc death",2021-07-03,"06",82,"California",39512223,"state","ca","CA","California"
"452","Observed Data (JHU)","inc death",2021-07-03,"12",213,"Florida",21477737,"state","fl","FL","Florida"
"453","Observed Data (JHU)","inc death",2021-07-03,"17",46,"Illinois",12671821,"state","il","IL","Illinois"
"454","Observed Data (JHU)","inc death",2021-07-03,"36",43,"New York",19453561,"state","ny","NY","New York"
"455","Observed Data (JHU)","inc death",2021-07-03,"42",62,"Pennsylvania",12801989,"state","pa","PA","Pennsylvania"
"456","Observed Data (JHU)","inc death",2021-07-03,"48",208,"Texas",28995881,"state","tx","TX","Texas"
